Cele mai populare interogări,Clicuri,Expuneri,CTR,Poziție
stomatologie satu mare preturi,88,2567,3.43%,6.97
stomatologie satu mare,81,5666,1.43%,5.84
implant dentar satu mare pret,44,1387,3.17%,3.92
razvan petric,39,434,8.99%,2.43
dr petric,38,112,33.93%,5.95
dentist satu mare,35,4290,0.82%,10.52
aparat dentar satu mare,28,1063,2.63%,6.47
dentcraft satu mare,26,240,10.83%,3.11
stomatolog satu mare,25,2356,1.06%,7.04
cabinet stomatologic satu mare,19,2437,0.78%,8.87
petric,19,387,4.91%,6.03
implant dentar satu mare,17,1009,1.68%,11.13
dentist satu mare preturi,11,143,7.69%,7.69
clinica dentara satu mare,8,1080,0.74%,13.33
cel mai bun dentist satu mare,7,408,1.72%,11.58
clinica stomatologica satu mare,7,388,1.8%,9.46
ortodont satu mare,6,1095,0.55%,12.44
stomatologi satu mare,5,1066,0.47%,7.79
cabinete stomatologice satu mare,5,324,1.54%,9.16
house of dentistry,3,19,15.79%,1.58
dent craft satu mare,3,9,33.33%,3
urgente stomatologice satu mare,2,934,0.21%,14.8
medic stomatolog satu mare,2,440,0.45%,10.25
dentisti satu mare,1,155,0.65%,11.19
stomatologie satu mare micro 17,1,108,0.93%,11.87
stomatologie,1,90,1.11%,5.24
implanturi dentare satu mare,1,68,1.47%,10.84
stomatologie urgenta satu mare,1,28,3.57%,14.5
chirurgie dentara satu mare,1,10,10%,7
cabinet stomatolog,1,9,11.11%,14.56
dr. petric,1,4,25%,1.25
cati angajati are?,1,1,100%,1
tehnician dentar satu mare,1,1,100%,17
stomatolog copii satu mare,0,653,0%,30.14
stomatologie copii satu mare,0,629,0%,21.61
dentist copii satu mare,0,569,0%,30.69
urgente dentare satu mare,0,517,0%,39.48
stomatolog satu mare urgente,0,512,0%,47.62
profilaxie,0,423,0%,90.18
"implant dentar satu mare pret""",0,340,0%,3.67
stomatologie satu mare non-stop,0,147,0%,14.44
medici stomatologi satu mare,0,145,0%,11.25
descoperire implant,0,136,0%,43.46
chirurgie satu mare,0,104,0%,53.24
dr maxim razvan,0,103,0%,42.71
urgenta stomatologie satu mare,0,102,0%,12.9
mini implant ortodontic pret,0,95,0%,62.61
profilaxie dentara,0,92,0%,89.28
ortodonție,0,91,0%,84.49
dentist ortodont pret,0,87,0%,72.08
aparat mobilizabil,0,85,0%,47.81
modele de studiu stomatologie,0,81,0%,69.63
medic ortodont pret,0,78,0%,81.38
radiologie dentara satu mare,0,76,0%,46.33
diabetolog satu mare,0,61,0%,43.59
chirurgie dentară și implantologie,0,56,0%,53.54
dr amanda petric,0,54,0%,70.17
medic dentist satu mare,0,50,0%,10.74
fogorvos satu mare,0,48,0%,10.71
dental satu mare,0,46,0%,20.54
inlay ceramic pret,0,45,0%,89.44
implantologie,0,45,0%,147.02
implantologie dentara,0,43,0%,157.81
radiografie dentara satu mare,0,42,0%,43.31
radiografie dentară satu mare,0,41,0%,68.56
clinica radiologie dentară satu mare,0,37,0%,38.35
dr stomatolog,0,35,0%,12.97
preturi ortodontie,0,35,0%,91.97
tehnologie stomatologie,0,33,0%,87
radiologie dentară satu mare,0,32,0%,81.22
disjunctor ortodontic,0,32,0%,92.41
tratament ortodontic pret,0,30,0%,72.97
coroane emax pret,0,27,0%,71.93
imagistică dentară satu mare,0,26,0%,77.12
ortodont pret,0,26,0%,81.38
odontectomie molar de minte pret,0,24,0%,98.75
protetică digitală,0,21,0%,97.1
recolare bracket ce inseamna,0,19,0%,7.79
gastroenterolog satu mare,0,17,0%,74.47
vivo dent satu mare,0,13,0%,10.69
aparat autoligaturant,0,13,0%,96.77
protetica,0,13,0%,118.62
cabinet dentist,0,12,0%,8.92
coroana zirconiu monolitic,0,12,0%,50.92
stomatologie non stop satu mare,0,11,0%,14
pure dent satu mare,0,11,0%,25.55
retratament,0,11,0%,54.64
mini implant ortodontic preturi,0,11,0%,73
aparat ortodontic autoligaturant,0,11,0%,77.18
tratamente ortodontice,0,11,0%,93.91
urgente stomatologice non stop satu mare,0,10,0%,13.8
biradicular,0,9,0%,9.33
dentist sm,0,9,0%,10
pret aparat dentar ceramic,0,9,0%,73.56
implant dentar sibiu preturi,0,9,0%,75.33
fotografii cu cabinet dr. bojan satu mare,0,8,0%,3.75
stomatolog,0,7,0%,9.14
cabinet stomatologic,0,7,0%,11.14
masca provizorie dinti pret,0,7,0%,47.43
aparat dentar ceramic preturi,0,7,0%,75.86
extractie radacina masea pret,0,7,0%,82.14
aparat radiograf mobil,0,7,0%,96
dr razvan,0,6,0%,5
aparat dentar ceramica pret,0,6,0%,81.33
site-uri prietenoase cu utilizatorul,0,6,0%,88
pivot dentar poze,0,6,0%,95.67
satu mare dentist,0,5,0%,10.4
dental clinic satu mare,0,5,0%,47.8
implant dentar gratuit,0,5,0%,70.2
aparat ortodontic ceramic pret,0,5,0%,72.2
cat costa un implant dentar sibiu,0,5,0%,77
detartraj pret sibiu,0,5,0%,81
aparat ortodontic mobilizabil,0,5,0%,92.8
dentcraft,0,4,0%,1.25
cabinet stomatologie,0,4,0%,6
dr.stomatolog,0,4,0%,6.75
stomatologie satu mare urgente,0,4,0%,12.75
cab stomatologic,0,4,0%,31.25
cabinete stomatologic,0,4,0%,35.25
recolare,0,4,0%,40.5
piercing satu mare,0,4,0%,40.75
indepartare aparat dentar pret,0,4,0%,42.5
tratament ortodontic cu alignere,0,4,0%,59.5
implant dentar sibiu pret,0,4,0%,63.5
tratament ortodontic cu gutiere pret,0,4,0%,72
dental design preturi,0,4,0%,78.25
dinte pluriradicular,0,4,0%,78.25
lucrare protetică,0,4,0%,94.25
dentcraft dental clinic,0,3,0%,1
house of dentistry satu mare,0,3,0%,1
servicii dentare,0,3,0%,3.67
peteic,0,3,0%,5.33
servicii stomatologice,0,3,0%,6
stomatoligie,0,3,0%,6
cabinet stomatologic near me,0,3,0%,6.67
chirurg stomatolog,0,3,0%,7
doctori stomatologi,0,3,0%,8.67
clinici stomatologice satu mare,0,3,0%,10.33
endodonție,0,3,0%,11.67
propst csaba zoltan satu mare,0,3,0%,12
stomatologie satu mare non stop,0,3,0%,15.67
bont protetic bredent,0,3,0%,33.33
bont protetic megagen,0,3,0%,33.33
doctor stomatolog,0,3,0%,44
coroana dentara compozit,0,3,0%,67.33
disjunctor dentar pret,0,3,0%,69
implant masea preturi,0,3,0%,77.33
mini implant ortodontic,0,3,0%,79.33
petra satu mare,0,3,0%,79.33
consultatie ortodont pret,0,3,0%,88.67
ortodontia,0,3,0%,91.67
aparat dentar pret sibiu,0,3,0%,94.33
arc lingual,0,3,0%,95.33
cat costa sa scoti o masea,0,3,0%,100.33
implant dentar bredent,0,3,0%,166.67
andrei petric,0,2,0%,1
domnul dr,0,2,0%,1
stomatogie,0,2,0%,3
ortodontie,0,2,0%,3.5
stimatologie,0,2,0%,4.5
petric ta,0,2,0%,6
stomatolog chirurg,0,2,0%,6
doctor dentist,0,2,0%,7
medic stomatolog,0,2,0%,9.5
chirurg plastician satu mare,0,2,0%,11
dr orban satu mare,0,2,0%,11
dr lazar traian oradea,0,2,0%,11.5
cabinet stomatologic satu mare micro 16,0,2,0%,12.5
docteur petric,0,2,0%,13
permanenta satu mare,0,2,0%,13.5
dentist,0,2,0%,14
dr maxim razvan contact,0,2,0%,26.5
aparat lip bumper,0,2,0%,29
bulevardul traian satu mare,0,2,0%,33
urgente stomatologie satu mare non stop,0,2,0%,36
obturatie fizionomica,0,2,0%,42
art dental studio satu mare,0,2,0%,45.5
consultație,0,2,0%,61.5
endocrinologie satu mare,0,2,0%,63.5
gutiera fixa,0,2,0%,74
radiografii dentare satu mare,0,2,0%,78.5
gutiera aparat dentar,0,2,0%,79
pret implant dentar sibiu,0,2,0%,79.5
bont dentar,0,2,0%,84
maxilar proeminent,0,2,0%,84.5
implant ortodontic,0,2,0%,85
cat costa un implant dentar masea,0,2,0%,90.5
disjunctor maxilar pret,0,2,0%,91.5
dr de mare,0,2,0%,99.5
echipamente de stomatologie,0,2,0%,99.5
dentist adrian,0,1,0%,1
dr petrič,0,1,0%,1
cat costa un bracket,0,1,0%,2
clinica stomatologica,0,1,0%,2
dr razban,0,1,0%,2
stomotologie,0,1,0%,2
dr patrick dentist,0,1,0%,3
patrick dentist,0,1,0%,3
dr dentis,0,1,0%,4
podolog satu mare,0,1,0%,6
artstomatologica,0,1,0%,7
dental dr,0,1,0%,7
dentist doctor,0,1,0%,7
doctor ster satu mare,0,1,0%,7
stomatol,0,1,0%,7
chirurg dentist,0,1,0%,8
ontodontie,0,1,0%,8
ortodontija petrič,0,1,0%,8
petrić,0,1,0%,8
doctor anitas satu mare,0,1,0%,9
dr anitas satu mare,0,1,0%,9
dr dentist,0,1,0%,9
dr din,0,1,0%,9
dr susa satu mare,0,1,0%,9
petriç,0,1,0%,9
star medical satu mare,0,1,0%,9
bara palatinala,0,1,0%,10
dinte biradicular,0,1,0%,10
dr cazacu satu mare,0,1,0%,10
dr dascalescu chirurg satu mare,0,1,0%,10
elitedent satu mare,0,1,0%,10
terapeut robert satu mare,0,1,0%,10
urolog satu mare,0,1,0%,10
ortodonic,0,1,0%,12
clinica dentara,0,1,0%,13
datcu dental clinic satu mare,0,1,0%,13
urgente stomatologice satu mare poiana codrului,0,1,0%,13
dentist copii gratuit satu mare,0,1,0%,30
gutiera dr max,0,1,0%,41
chirurgie plastica satu mare,0,1,0%,47
clear aligner pret,0,1,0%,50
aparat dentar in rate,0,1,0%,54
coroana emax pret,0,1,0%,54
aparat dentar clear aligner pret,0,1,0%,58
zirconiu monolitic,0,1,0%,62
cat costa un dinte din zirconiu,0,1,0%,64
dr diagnostic,0,1,0%,64
piatra pe dinte pret,0,1,0%,65
clinica satu mare,0,1,0%,67
endocrinolog satu mare,0,1,0%,69
aparat dentar fix preturi,0,1,0%,71
compozit dentar pret,0,1,0%,73
pret dinte zirconiu,0,1,0%,73
dr ioan sirbu,0,1,0%,75
finess dental satu mare,0,1,0%,76
aparat metalic autoligaturant,0,1,0%,78
medic specialist protetica dentara,0,1,0%,78
pret pivot dentar,0,1,0%,80
aparat ortodontic fix fizionomic,0,1,0%,81
implant dentar din zirconiu pret,0,1,0%,81
piatra pe dinti pret,0,1,0%,84
aparat dentar de contentie pret,0,1,0%,88
clinica doctor de zâmbete,0,1,0%,88
alignere,0,1,0%,89
coroana acrilica,0,1,0%,92
masticatia,0,1,0%,92
pret coroana dentara compozit,0,1,0%,94
aparat ortodontic ceramica pret,0,1,0%,95
implant dentar cu zirconiu preturi,0,1,0%,95
dinti zirconiu poze,0,1,0%,96
pret carii dentare,0,1,0%,96
alexandra petric,0,1,0%,97
echipamente profesionale pentru cabinete dentare,0,1,0%,98
extractie molar de minte preturi,0,1,0%,98
implant ceramica pret,0,1,0%,98
bont implant dentar pret,0,1,0%,99
ingrijire aparat ortodontic,0,1,0%,99
grefa gingivala pret,0,1,0%,100
extractie implant dentar pret,0,1,0%,101
cât costă o extracție de măsea,0,1,0%,102
bont protetic pret,0,1,0%,140